ID,Title,IMDB
1,Jaws,https://www.imdb.com/title/tt0073195/?ref_=fn_al_tt_1
2,Mary Poppins,https://www.imdb.com/title/tt0058331/?ref_=nv_sr_srsg_0_tt_8_nm_0_q_mary%2520poppins
3,E.T,https://www.imdb.com/title/tt0083866/?ref_=fn_al_tt_1
4,Akira,https://www.imdb.com/title/tt0094625/?ref_=nv_sr_srsg_3_tt_3_nm_5_q_akir
5,Wizard of Oz,https://www.imdb.com/title/tt0032138/?ref_=nv_sr_srsg_1_tt_5_nm_2_q_wizard
6,Alien,https://www.imdb.com/title/tt0078748/?ref_=fn_al_tt_1
7,Toy Sory,https://www.imdb.com/title/tt0114709/?ref_=nv_sr_srsg_0_tt_8_nm_0_q_toy
8,The Godfather Part II,https://www.imdb.com/title/tt0071562/?ref_=nv_sr_srsg_3_tt_8_nm_0_q_the%2520godfa
9,Watership Down,https://www.imdb.com/title/tt0078480/?ref_=nv_sr_srsg_0_tt_8_nm_0_q_watership
10,Snow White and the Seven Dwarfs,https://www.imdb.com/title/tt0029583/?ref_=nv_sr_srsg_3_tt_8_nm_0_q_snow%2520white%2520and
